Id_contenuto,durata_s,data_pubblicazione,tipo_contenuto,like,condivisioni,commenti,salvataggi,copertura,follower
18037066609632734,0,01/02/2024 22:30,Immagine di Instagram,440,21,1,22,6829,10
18259522531211584,0,03/30/2024 22:30,Immagine di Instagram,110,0,0,28,3996,0
18043313155671267,0,03/29/2024 23:30,Immagine di Instagram,186,2,0,14,4523,2
18061817290480476,0,03/29/2024 09:13,Carosello di Instagram,204,10,3,4,3630,1
18425054275038157,135,03/29/2024 01:54,Reel di Instagram,795,6,20,41,11431,7
17998128917323574,0,03/27/2024 23:30,Immagine di Instagram,90,3,0,4,3304,0
18021265232111094,0,03/27/2024 06:48,Carosello di Instagram,346,9,8,8,4694,3
18003744629437661,89,03/27/2024 02:43,Reel di Instagram,150,4,0,11,4969,1
18389456431072764,0,03/26/2024 07:29,Carosello di Instagram,67,2,0,6,2304,0
17983479578648545,89,03/25/2024 09:08,Reel di Instagram,907,36,14,39,16227,15
18041292238741889,0,03/23/2024 23:30,Immagine di Instagram,934,38,51,145,29480,43
18069009250446989,0,03/23/2024 03:43,Immagine di Instagram,1095,64,32,82,16160,13
17939794052797410,0,03/22/2024 23:30,Immagine di Instagram,228,5,3,11,4046,1
18406710616067781,65,03/22/2024 03:15,Reel di Instagram,479,5,2,34,11355,9
17909011841843268,0,03/20/2024 23:30,Immagine di Instagram,372,23,0,25,6839,5
18037950838810357,77,03/20/2024 08:11,Reel di Instagram,433,9,1,40,12267,9
17989274750454605,0,03/19/2024 03:29,Carosello di Instagram,67,1,0,3,2360,1
18027485251822146,0,03/18/2024 07:17,Carosello di Instagram,259,10,3,4,4135,0
18020485657936830,90,03/18/2024 04:17,Reel di Instagram,1036,46,21,57,15147,21
17858562867111709,0,03/16/2024 23:30,Immagine di Instagram,84,6,1,9,3776,0
18032960011862641,0,03/15/2024 23:30,Immagine di Instagram,246,5,1,20,7659,2
18050083315537971,89,03/15/2024 00:28,Reel di Instagram,322,1,13,35,7951,7
17950192553777399,0,03/13/2024 23:32,Immagine di Instagram,600,43,5,25,10794,6
17901027080878784,0,03/13/2024 07:56,Immagine di Instagram,87,4,4,5,5286,3
18315717751120610,90,03/13/2024 03:02,Reel di Instagram,532,13,4,56,12007,16
18065254954458658,0,03/12/2024 08:14,Carosello di Instagram,51,1,1,2,2019,0
17868411186039079,89,03/11/2024 11:05,Reel di Instagram,587,15,13,23,12015,12
18026553685819355,56,03/11/2024 03:21,Reel di Instagram,814,31,38,113,20322,10
17946878396668904,0,03/09/2024 22:30,Immagine di Instagram,74,2,0,8,3407,1
18022709858070152,0,03/08/2024 22:30,Immagine di Instagram,168,4,1,13,5345,1
18159592918306619,89,03/08/2024 06:43,Reel di Instagram,608,10,6,83,15063,15
18029465905754781,0,03/06/2024 22:30,Immagine di Instagram,443,28,1,24,7933,4
18291506311082515,0,03/06/2024 05:30,Immagine di Instagram,393,5,13,14,8704,2
17963811788711473,265,03/06/2024 02:45,Reel di Instagram,678,14,25,39,10832,6
17915673671879566,0,03/05/2024 06:07,Carosello di Instagram,72,0,0,3,2749,0
17999139905281944,90,03/04/2024 01:26,Reel di Instagram,1259,21,35,239,36973,75
18316294555134481,0,03/02/2024 22:30,Immagine di Instagram,205,7,2,30,4551,5
17867486652039599,0,03/01/2024 22:30,Immagine di Instagram,191,7,1,17,5404,0
17891421191920499,30,03/01/2024 00:40,Reel di Instagram,146,3,0,4,5273,4
18417589975044263,0,02/28/2024 22:30,Immagine di Instagram,574,25,2,28,13758,9
17879797029023757,73,02/28/2024 03:27,Reel di Instagram,2386,82,100,162,35343,53
18226894528256480,0,02/26/2024 22:30,Carosello di Instagram,66,3,0,10,2601,4
18000792461232634,54,02/26/2024 05:12,Reel di Instagram,384,3,1,35,14330,11
18010520192218819,0,02/24/2024 22:30,Immagine di Instagram,79,0,0,9,3900,1
18024607501986329,0,02/23/2024 22:30,Immagine di Instagram,339,18,1,15,5349,1
18007506785108371,31,02/23/2024 09:21,Reel di Instagram,359,4,5,23,8892,2
18002433023377807,0,02/22/2024 22:47,Immagine di Instagram,180,8,2,31,7415,7
17917785368858119,0,02/22/2024 10:09,Immagine di Instagram,28,2,1,6,2609,1
18024075196954868,0,02/21/2024 22:30,Immagine di Instagram,502,26,1,18,9452,2
18177060901291619,90,02/21/2024 06:13,Reel di Instagram,1778,37,21,152,27840,106
18094303648391941,0,02/20/2024 01:12,Carosello di Instagram,193,4,2,35,5178,3
17994048410327904,84,02/19/2024 02:21,Reel di Instagram,388,7,0,35,8712,4
18053933296557054,0,02/17/2024 22:30,Immagine di Instagram,222,6,0,28,6342,2
17906213864842754,0,02/17/2024 04:44,Carosello di Instagram,274,3,2,47,6299,7
18017785402898238,0,02/16/2024 22:30,Immagine di Instagram,1119,45,25,48,11750,8
17992543211538864,71,02/16/2024 09:05,Reel di Instagram,451,7,5,25,8983,7
18039212959670647,0,02/15/2024 23:15,Carosello di Instagram,179,2,1,31,3678,1
18002929775168775,451,02/15/2024 09:43,Reel di Instagram,2210,192,82,326,36894,147
17995904612306762,86,02/15/2024 05:00,Reel di Instagram,817,20,9,72,20985,25
17980594973496001,0,02/14/2024 22:30,Immagine di Instagram,584,41,0,28,9171,3
18028635373910549,0,02/14/2024 06:31,Immagine di Instagram,34,1,2,1,2079,2
18014611385154189,0,02/12/2024 22:30,Carosello di Instagram,55,0,3,5,1782,0
17989748984381511,60,02/12/2024 03:55,Reel di Instagram,494,17,2,39,16631,3
18417022276029420,0,02/11/2024 02:07,Immagine di Instagram,239,7,5,34,6907,2
17886075398995437,0,02/09/2024 22:30,Immagine di Instagram,596,8,14,16,6736,4
18026052190897976,39,02/09/2024 04:19,Reel di Instagram,832,76,17,49,17870,35
18077554579452273,0,02/07/2024 22:30,Immagine di Instagram,329,46,1,23,6421,1
18174888082289900,67,02/07/2024 06:29,Reel di Instagram,464,17,6,27,9054,7
18009303779191638,0,02/05/2024 22:30,Carosello di Instagram,57,0,0,6,1993,0
17978494976504097,55,02/05/2024 01:53,Reel di Instagram,855,33,11,46,16462,24
18030334303878729,0,02/03/2024 22:30,Immagine di Instagram,191,6,0,24,5303,4
17894050157963747,0,02/02/2024 22:30,Immagine di Instagram,204,4,0,15,3893,0
17984807441463681,70,02/02/2024 06:39,Reel di Instagram,505,11,0,30,8438,20
18059873482501786,0,01/31/2024 22:30,Immagine di Instagram,687,63,3,29,9675,11
18412975843039387,61,01/31/2024 06:17,Reel di Instagram,833,35,7,54,12203,45
17873656581042787,0,01/29/2024 22:30,Carosello di Instagram,82,3,0,5,2788,1
18012953456478991,80,01/29/2024 02:49,Reel di Instagram,1582,49,11,112,26940,76
17960668202705492,0,01/27/2024 22:30,Immagine di Instagram,403,26,6,92,8462,4
18077288296450766,0,01/26/2024 22:30,Immagine di Instagram,233,8,4,20,3920,6
17988618149557447,86,01/26/2024 06:59,Reel di Instagram,1222,94,23,96,22090,23
18001209272166175,90,01/26/2024 01:59,Reel di Instagram,508,3,8,12,8690,1
18091828399400853,0,01/25/2024 22:30,Immagine di Instagram,155,5,0,6,3873,0
18010759643001103,90,01/24/2024 04:10,Reel di Instagram,723,37,8,80,16338,11
18043110484623180,66,01/23/2024 02:33,Reel di Instagram,2924,113,61,259,39638,106
17989443041614274,0,01/22/2024 22:30,Carosello di Instagram,44,3,0,6,2060,3
18025279681918647,52,01/22/2024 05:32,Reel di Instagram,378,12,3,15,9500,8
18025252711911530,0,01/21/2024 11:20,Carosello di Instagram,4855,242,212,193,52956,52
18017340446013485,0,01/20/2024 22:30,Immagine di Instagram,138,7,0,14,4227,2
18084834562414887,0,01/19/2024 22:30,Immagine di Instagram,281,13,3,10,4324,2
18095215006384069,195,01/19/2024 02:29,Reel di Instagram,1887,49,63,148,21769,12
18028567861850667,0,01/17/2024 22:30,Immagine di Instagram,597,39,3,21,8714,0
17910616157870548,88,01/17/2024 04:25,Reel di Instagram,1201,92,19,92,27007,34
17918532509847685,0,01/15/2024 22:30,Carosello di Instagram,63,0,0,3,2570,0
18031792999790534,38,01/15/2024 01:26,Reel di Instagram,633,10,1,39,14933,17
17993791739295352,0,01/13/2024 22:30,Immagine di Instagram,224,7,0,29,5900,6
18015460433091856,0,01/12/2024 22:30,Immagine di Instagram,292,4,6,6,4880,3
18001731164366762,90,01/12/2024 01:15,Reel di Instagram,983,46,5,118,25765,39
18037622134646996,0,01/10/2024 22:30,Immagine di Instagram,700,46,0,29,9299,4
18033686371706762,78,01/10/2024 02:11,Reel di Instagram,130,3,2,6,4025,2
18016083656078605,0,01/08/2024 22:30,Carosello di Instagram,62,0,0,3,2196,0
18245506138242189,21,01/08/2024 03:34,Reel di Instagram,836,2,6,49,30342,291
18008919614490760,60,01/04/2024 23:01,Reel di Instagram,92,1,0,2,4291,3
18028728205829229,0,01/03/2024 22:30,Immagine di Instagram,206,11,7,7,4227,0
17842012098203443,0,04/01/2024 22:30,Carosello di Instagram,76,0,0,5,2199,1
18049922311618190,89,04/01/2024 02:13,Reel di Instagram,1360,70,44,68,22642,19
18024922073473100,0,06/30/2024 23:06,Carosello di Instagram,149,0,3,1,2556,0
18457932844003836,0,06/29/2024 22:30,Immagine di Instagram,240,18,15,29,8527,3
18019092830108295,0,06/28/2024 22:30,Immagine di Instagram,108,1,0,1,3014,0
17872273371082875,0,06/28/2024 05:30,Carosello di Instagram,19,1,0,0,3197,0
18134442034341320,0,06/26/2024 22:30,Immagine di Instagram,1379,98,6,51,26885,6
17888554545007121,71,06/26/2024 09:00,Reel di Instagram,321,4,11,8,6931,4
18018115223122114,0,06/25/2024 01:36,Carosello di Instagram,52,6,0,4,3834,1
18118673041373717,88,06/24/2024 09:18,Reel di Instagram,63,4,0,10,4785,2
18143220085323127,0,06/22/2024 22:30,Immagine di Instagram,253,3,0,75,6189,2
18237388552257150,0,06/21/2024 22:30,Immagine di Instagram,187,4,3,5,5278,0
18041186293883221,0,06/19/2024 22:30,Immagine di Instagram,301,38,1,12,8223,1
18039480112822563,214,06/19/2024 10:26,Reel di Instagram,481,7,9,13,10650,3
18016495382129117,0,06/18/2024 08:36,Carosello di Instagram,154,0,1,8,4460,0
17983204799690769,90,06/17/2024 10:20,Reel di Instagram,343,7,1,10,5672,4
18057606406623250,0,06/15/2024 22:30,Immagine di Instagram,463,13,10,42,13993,4
18092241535435861,0,06/14/2024 22:30,Immagine di Instagram,461,15,12,26,6470,3
18026577833142743,0,06/14/2024 07:42,Immagine di Instagram,72,2,8,30,7330,7
17851367340185356,0,06/12/2024 22:30,Immagine di Instagram,513,32,2,22,15389,2
18011033405421935,72,06/12/2024 09:13,Reel di Instagram,241,2,9,9,6375,6
17882269917069759,0,06/11/2024 02:59,Carosello di Instagram,136,4,0,9,7380,1
18301060693081177,87,06/10/2024 07:56,Reel di Instagram,961,78,27,85,19310,8
18034807291822636,0,06/08/2024 22:30,Immagine di Instagram,385,29,9,40,10997,3
18034355752951578,0,06/07/2024 22:30,Immagine di Instagram,124,4,0,3,3521,0
17868178749129998,120,06/06/2024 23:53,Reel di Instagram,684,4,14,31,10510,11
18358124461104941,0,06/05/2024 22:30,Immagine di Instagram,709,108,7,45,18029,4
17863932741101551,90,06/05/2024 08:13,Reel di Instagram,865,58,15,59,14516,18
18054024307567210,0,06/03/2024 22:30,Carosello di Instagram,76,6,3,2,4496,2
18046545796692295,45,06/03/2024 04:15,Reel di Instagram,184,5,3,4,6422,5
18021817565331336,0,06/02/2024 01:07,Immagine di Instagram,164,9,0,26,4365,2
18022325885236865,0,05/31/2024 22:30,Immagine di Instagram,293,14,3,10,6661,2
17995902182448341,90,05/31/2024 10:05,Reel di Instagram,154,2,0,4,6092,4
18442602547048993,0,05/29/2024 22:30,Immagine di Instagram,554,43,3,22,12813,4
17864769996119256,45,05/29/2024 10:21,Reel di Instagram,191,1,7,8,5387,0
18080220328483960,0,05/29/2024 02:32,Immagine di Instagram,98,9,2,25,9005,5
18022692575326415,65,05/28/2024 07:40,Reel di Instagram,434,13,8,40,9337,3
17983095245520152,2068,05/27/2024 02:59,Reel di Instagram,916,16,50,114,12259,21
18027163651915656,0,05/27/2024 02:52,Immagine di Instagram,41,1,0,2,4283,2
18018383318198619,0,05/27/2024 01:39,Carosello di Instagram,653,4,12,13,11379,8
18060390631576133,0,05/25/2024 22:30,Immagine di Instagram,152,4,0,20,5223,3
18000043385560514,0,05/25/2024 07:04,Carosello di Instagram,392,5,10,15,4635,3
18045407305695439,56,05/25/2024 03:06,Reel di Instagram,120,4,3,3,4235,0
18029028170088107,252,05/25/2024 01:14,Reel di Instagram,180,1,2,7,2738,2
17849802588209503,34,05/25/2024 01:06,Reel di Instagram,340,6,8,5,4848,3
17855332656143480,0,05/24/2024 22:30,Immagine di Instagram,173,2,2,7,3230,1
17904157475972604,743,05/24/2024 10:01,Reel di Instagram,1165,53,33,157,17180,12
17955963680657235,900,05/23/2024 08:55,Reel di Instagram,968,33,35,148,15979,7
17880235212070330,0,05/22/2024 22:30,Immagine di Instagram,315,13,3,19,8208,1
18040069795868035,87,05/22/2024 09:25,Reel di Instagram,771,50,23,69,11155,21
17995205453443900,49,05/21/2024 09:20,Reel di Instagram,222,4,2,10,7075,8
17910662474861429,35,05/20/2024 08:40,Reel di Instagram,261,4,1,11,7065,3
18035776624928823,0,05/18/2024 22:30,Immagine di Instagram,975,117,12,100,16882,6
17984714474661113,0,05/17/2024 22:30,Immagine di Instagram,103,0,0,2,3081,1
17998278497378495,0,05/17/2024 06:30,Immagine di Instagram,82,2,1,8,3927,0
18232265197280278,90,05/17/2024 03:21,Reel di Instagram,937,29,7,154,16598,100
18266425939239814,0,05/15/2024 22:30,Immagine di Instagram,528,61,1,41,17055,5
17917737935824939,47,05/15/2024 09:19,Reel di Instagram,1230,69,22,59,22372,25
17964485165623338,65,05/14/2024 01:14,Reel di Instagram,1331,86,19,96,23120,19
18019763060035698,0,05/13/2024 04:54,Carosello di Instagram,1246,85,42,65,16462,9
18314619718179561,0,05/11/2024 22:30,Immagine di Instagram,239,8,2,23,8873,1
18042027670837860,0,05/10/2024 22:30,Immagine di Instagram,177,4,0,5,5675,2
18426927646062394,27,05/10/2024 08:36,Reel di Instagram,110,6,7,4,6681,2
17853793101143979,0,05/08/2024 22:30,Immagine di Instagram,198,8,0,14,5191,1
17908013861951039,89,05/08/2024 10:12,Reel di Instagram,972,18,8,152,15697,36
17888878136960552,0,05/07/2024 03:10,Immagine di Instagram,69,1,0,3,3900,1
17991959267474082,74,05/06/2024 09:12,Reel di Instagram,1089,95,29,49,19355,18
18013574807111421,0,05/05/2024 00:06,Immagine di Instagram,936,43,22,197,30615,28
18308533855146685,0,05/03/2024 22:30,Immagine di Instagram,170,5,1,16,3907,3
18042847327758918,0,05/03/2024 04:06,Immagine di Instagram,343,1,5,9,5695,1
18319500967131518,0,05/01/2024 22:30,Immagine di Instagram,640,60,1,59,10110,6
17862943233129531,85,05/01/2024 10:00,Reel di Instagram,578,18,15,66,10899,25
18013321451366176,0,04/30/2024 06:57,Carosello di Instagram,81,8,1,10,3063,1
17877163611014853,90,04/29/2024 09:10,Reel di Instagram,954,5,15,86,16045,17
18254800459246171,0,04/27/2024 22:30,Immagine di Instagram,548,29,2,88,9844,5
17924254208863315,0,04/26/2024 22:30,Immagine di Instagram,405,13,5,31,7346,3
18022375538126689,68,04/26/2024 10:07,Reel di Instagram,1250,42,33,92,21859,45
18185685514289206,0,04/24/2024 22:30,Immagine di Instagram,788,32,10,19,11911,4
18320518084125926,62,04/24/2024 11:19,Reel di Instagram,760,19,12,94,13649,22
18042014590763850,82,04/23/2024 10:14,Reel di Instagram,5159,201,335,753,176568,344
18000569720329467,90,04/23/2024 02:11,Reel di Instagram,649,18,30,19,11702,7
18063363433520679,185,04/22/2024 01:33,Reel di Instagram,1476,12,20,156,32050,27
18023189324135664,0,04/20/2024 22:30,Immagine di Instagram,245,4,0,54,7606,11
18063711577481193,0,04/19/2024 22:30,Immagine di Instagram,124,1,0,6,3289,1
18039980755836080,67,04/19/2024 07:21,Reel di Instagram,1194,60,12,65,21672,29
18027541577071599,0,04/17/2024 22:30,Immagine di Instagram,464,27,3,15,7512,2
18319071766120142,172,04/17/2024 09:31,Reel di Instagram,4001,24,96,1062,427316,696
18312715084181587,0,04/16/2024 09:00,Immagine di Instagram,58,1,0,2,3299,1
18023765918095241,74,04/16/2024 02:52,Reel di Instagram,748,24,4,66,13444,11
17854491297159400,0,04/13/2024 22:30,Immagine di Instagram,406,32,10,85,13019,9
18424827211024533,0,04/12/2024 22:30,Immagine di Instagram,265,9,1,17,4382,5
18070383007495586,0,04/12/2024 01:57,Immagine di Instagram,69,6,0,0,2282,1
17921402264891507,64,04/12/2024 01:45,Reel di Instagram,634,14,4,52,11524,76
18013013075091286,0,04/11/2024 04:58,Carosello di Instagram,145,2,3,1,3206,0
18011098862136567,0,04/10/2024 22:30,Immagine di Instagram,672,32,2,24,8978,3
18089732569390410,86,04/10/2024 04:33,Reel di Instagram,676,15,21,80,13535,19
18010755221348761,0,04/08/2024 23:14,Immagine di Instagram,180,9,20,28,5586,4
18012619856082406,35,04/08/2024 03:48,Reel di Instagram,628,11,4,44,13441,11
18019869794172528,0,04/06/2024 22:30,Immagine di Instagram,945,48,12,165,33225,57
18014061908201204,0,04/05/2024 22:30,Immagine di Instagram,173,4,4,6,4869,2
18017403638276216,57,04/05/2024 03:06,Reel di Instagram,1415,19,11,96,43203,83
18041059588754348,0,04/03/2024 22:30,Immagine di Instagram,638,63,5,33,10487,7
17903164514951081,94,04/03/2024 04:26,Reel di Instagram,1000,25,13,66,14121,19
18036277861866026,178,04/02/2024 03:29,Reel di Instagram,2741,186,78,252,43665,60
18071684449604578,94,09/30/2024 11:34,Reel di Instagram,111,4,1,8,3975,0
17895503280076694,0,09/28/2024 22:30,Immagine di Instagram,514,39,4,41,12468,6
18067200439617057,382,09/28/2024 09:47,Reel di Instagram,1208,47,39,60,19227,28
18047640208802425,152,09/28/2024 01:49,Reel di Instagram,3047,241,418,106,59613,85
18047775496787217,0,09/27/2024 22:30,Immagine di Instagram,194,7,1,4,3299,0
18043415585005706,67,09/27/2024 08:44,Reel di Instagram,325,11,4,24,5931,3
18034000622515153,0,09/26/2024 23:32,Immagine di Instagram,54,5,0,7,4267,2
18457042570043433,31,09/26/2024 08:42,Reel di Instagram,353,3,0,6,5175,1
17953400156835486,0,09/25/2024 22:30,Immagine di Instagram,805,127,12,58,20658,6
17927531099952376,68,09/25/2024 22:23,Reel di Instagram,350,8,10,6,303896,2
18014477459554873,94,09/25/2024 05:29,Reel di Instagram,75,2,3,1,3206,1
18068661895539999,0,09/24/2024 01:28,Carosello di Instagram,1393,91,134,43,19909,24
17860176312248919,166,09/24/2024 00:50,Reel di Instagram,294,8,2,18,4211,1
18295161136205479,31,09/23/2024 03:25,Reel di Instagram,397,13,8,6,12210,3
18032501192196311,263,09/23/2024 02:17,Reel di Instagram,998,22,66,25,10494,13
17870242767125546,107,09/22/2024 23:01,Reel di Instagram,599,18,15,20,79598,1
18353307622141273,0,09/22/2024 11:12,Carosello di Instagram,364,6,3,2,3672,1
18464011414041225,332,09/22/2024 02:18,Reel di Instagram,433,37,21,15,40515,3
17927962715834249,2080,09/21/2024 23:13,Reel di Instagram,228,4,16,0,4816,24
18039348350291281,0,09/21/2024 22:30,Immagine di Instagram,207,7,0,58,8390,3
18248203303284872,69,09/21/2024 08:57,Reel di Instagram,694,6,27,7,9091,6
18116439169404003,0,09/20/2024 22:30,Immagine di Instagram,380,15,10,19,6263,2
18023588672176535,68,09/20/2024 00:57,Reel di Instagram,82,4,0,0,3795,0
18015474812316328,70,09/19/2024 03:27,Reel di Instagram,505,37,15,11,8114,6
17889761547018402,0,09/18/2024 22:30,Immagine di Instagram,655,61,4,47,14221,5
18063050188634034,86,09/16/2024 05:04,Reel di Instagram,382,4,2,38,7083,5
17918543975974560,0,09/14/2024 22:30,Immagine di Instagram,355,16,1,32,12159,0
18044584009838303,0,09/13/2024 22:30,Immagine di Instagram,201,10,0,6,6032,1
18066295747612313,92,09/13/2024 10:15,Reel di Instagram,359,21,10,22,160451,4
18102697726429030,151,09/13/2024 01:03,Reel di Instagram,961,19,81,62,16834,9
18056469178780706,0,09/12/2024 05:27,Immagine di Instagram,547,60,1,26,13526,4
17921948048942536,178,09/11/2024 08:30,Reel di Instagram,339,8,2,28,5558,4
18337060498120082,77,09/09/2024 13:13,Reel di Instagram,319,29,5,13,6522,1
18021295199408418,0,09/07/2024 22:30,Immagine di Instagram,212,23,1,28,6378,6
17848412073262042,0,09/06/2024 22:30,Immagine di Instagram,172,10,2,7,4674,1
17857592694248157,125,09/06/2024 07:36,Reel di Instagram,147,1,2,6,4068,2
18082204408501673,0,09/04/2024 22:30,Immagine di Instagram,212,13,0,10,6784,1
18361477315107751,179,09/04/2024 04:35,Reel di Instagram,2159,76,40,476,35108,174
17875813179140926,253,09/02/2024 04:23,Reel di Instagram,2701,55,121,80,28811,81
18065951239533043,0,08/31/2024 22:30,Immagine di Instagram,420,11,6,28,12714,0
18109828099408383,0,08/30/2024 22:30,Immagine di Instagram,121,1,3,4,4460,3
18058073569709856,88,08/30/2024 09:40,Reel di Instagram,565,2,5,49,11016,12
18145267999326937,0,08/30/2024 06:08,Carosello di Instagram,106,2,0,1,3893,1
18039862534877018,0,08/29/2024 02:42,Immagine di Instagram,317,4,4,8,9385,6
18355700848116336,57,08/28/2024 09:15,Reel di Instagram,4960,17,107,422,206620,463
18237547897263794,58,08/26/2024 03:30,Reel di Instagram,240,3,3,15,6585,2
17918223533967122,0,08/25/2024 22:30,Immagine di Instagram,100,0,1,0,3477,1
18451787974058570,0,08/23/2024 22:30,Immagine di Instagram,134,1,0,9,5819,0
18043002913812163,0,08/21/2024 22:30,Immagine di Instagram,946,32,10,50,24436,8
18038295230046114,64,08/18/2024 22:30,Reel di Instagram,185,1,6,7,6141,3
18045023869904532,79,08/17/2024 03:48,Reel di Instagram,1131,10,34,78,27937,2
17904567294009397,0,08/16/2024 22:30,Immagine di Instagram,129,1,0,6,4127,0
18292506148202996,0,08/14/2024 22:30,Immagine di Instagram,522,27,2,22,13549,1
18447645676027364,41,08/12/2024 08:16,Reel di Instagram,247,2,3,8,7433,2
17919603458949611,0,08/09/2024 22:30,Immagine di Instagram,147,4,0,10,4837,4
17975691935739285,0,08/07/2024 22:30,Immagine di Instagram,293,23,1,18,9436,1
18006088436357077,37,08/07/2024 08:01,Reel di Instagram,120,4,1,4,4775,0
18315137104153397,0,08/03/2024 22:30,Immagine di Instagram,78,2,0,0,4068,0
18009292049537431,0,08/02/2024 22:30,Immagine di Instagram,77,3,0,2,4775,1
18071795824483421,45,08/02/2024 08:19,Reel di Instagram,526,53,8,14,11927,7
18032565227143595,0,07/31/2024 22:30,Immagine di Instagram,819,55,4,47,13026,15
17882478339027599,256,07/31/2024 09:38,Reel di Instagram,653,7,12,151,11590,19
18017036195194945,0,07/30/2024 09:30,Carosello di Instagram,67,2,0,11,4451,0
18042720595928241,151,07/29/2024 08:18,Reel di Instagram,1163,42,19,72,16162,22
18023126522085143,0,07/27/2024 22:30,Immagine di Instagram,284,46,10,48,10682,1
17922077357942286,0,07/26/2024 22:30,Carosello di Instagram,330,10,11,106,8327,7
18032480267142544,76,07/26/2024 10:06,Reel di Instagram,1116,134,45,62,21261,33
17874954369109780,0,07/24/2024 22:30,Immagine di Instagram,903,80,5,60,16040,2
17937860666853124,72,07/24/2024 10:11,Reel di Instagram,88,2,1,1,4315,3
17948669531821322,0,07/22/2024 22:30,Immagine di Instagram,23,0,0,2,3117,0
18015720734438049,156,07/22/2024 09:25,Reel di Instagram,893,19,9,141,13368,20
17936089190856475,0,07/21/2024 02:30,Immagine di Instagram,157,13,0,38,5981,3
18009568427317652,0,07/20/2024 22:30,Immagine di Instagram,284,0,6,5,5289,0
18233533918275638,0,07/19/2024 22:30,Immagine di Instagram,137,4,1,8,3063,0
18070659697539143,53,07/19/2024 10:40,Reel di Instagram,121,3,7,2,4017,2
18036104315008422,0,07/18/2024 06:42,Immagine di Instagram,45,3,0,0,4032,0
18077486464502789,0,07/17/2024 22:30,Immagine di Instagram,482,34,5,18,11886,0
18012016331278405,192,07/17/2024 08:42,Reel di Instagram,296,2,8,23,6551,2
18011561102283730,0,07/17/2024 01:22,Immagine di Instagram,184,24,1,22,6816,2
18027489485327838,0,07/15/2024 22:30,Carosello di Instagram,51,4,0,6,3131,0
17857259268208188,38,07/15/2024 08:08,Reel di Instagram,184,4,1,0,7908,3
18056149456729361,0,07/13/2024 22:30,Immagine di Instagram,162,26,0,13,6375,0
18027183395230858,0,07/12/2024 22:30,Immagine di Instagram,340,14,18,20,6630,2
18023670608062215,52,07/12/2024 07:14,Reel di Instagram,132,2,1,8,4046,0
18006895964613540,0,07/10/2024 22:30,Immagine di Instagram,755,29,0,28,18076,1
18447239710005901,89,07/10/2024 06:01,Reel di Instagram,123,2,1,4,7001,1
18096822067428120,0,07/09/2024 10:34,Immagine di Instagram,45,1,1,1,2313,0
18063803680520840,0,07/08/2024 22:30,Carosello di Instagram,157,13,1,23,4645,0
17849903526239111,38,07/08/2024 09:07,Reel di Instagram,146,7,4,2,5345,1
17898834282008615,0,07/07/2024 02:27,Immagine di Instagram,200,17,1,46,7103,1
17979773042578729,0,07/05/2024 22:30,Immagine di Instagram,203,7,1,8,3601,2
18075845023505884,176,07/05/2024 06:25,Reel di Instagram,643,16,7,177,12379,16
18063258688605591,0,07/03/2024 22:30,Immagine di Instagram,497,48,10,16,12168,2
18013567517386283,86,07/03/2024 09:13,Reel di Instagram,156,0,3,3,5556,4
17951901338796975,0,07/01/2024 22:30,Carosello di Instagram,38,2,0,4,3240,1
18010818761278573,75,07/01/2024 09:39,Reel di Instagram,42,1,0,7,2612,0
17946241577714367,0,07/01/2024 00:58,Carosello di Instagram,101,1,0,0,2700,1
18111594604391782,0,07/01/2024 00:43,Carosello di Instagram,262,4,4,2,6784,3
18079574917526852,0,10/01/2024 07:33,Carosello di Instagram,75,6,0,3,3538,1
18025757936541999,119,12/29/2024 22:30,Reel di Instagram,273,2,2,17,8047,6
17883855279190274,0,12/27/2024 22:30,Immagine di Instagram,148,3,1,6,4120,0
18374836831115089,0,12/25/2024 22:30,Immagine di Instagram,676,32,1,17,13607,0
18449446066069489,0,12/24/2024 03:01,Immagine di Instagram,106,2,0,22,6074,0
18033673514153205,116,12/23/2024 23:30,Reel di Instagram,3209,152,303,356,98420,230
18032811014525520,0,12/23/2024 22:30,Immagine di Instagram,549,8,7,3,9052,1
18040618103256397,129,12/22/2024 22:39,Reel di Instagram,236,14,21,0,6304,16
18339909163145093,0,12/21/2024 22:30,Immagine di Instagram,846,25,13,65,16688,4
18041506184211055,62,12/19/2024 22:30,Reel di Instagram,372,8,10,15,8258,5
17994395513730028,0,12/18/2024 22:30,Immagine di Instagram,1175,87,12,32,18413,3
18056632333937239,0,12/16/2024 22:39,Carosello di Instagram,382,47,16,0,7627,6
18050930531493464,132,12/15/2024 22:30,Reel di Instagram,893,106,14,149,20656,10
18041239829261278,0,12/14/2024 22:30,Immagine di Instagram,271,18,1,17,7258,0
17890640910134265,0,12/11/2024 22:30,Immagine di Instagram,181,18,1,8,6365,0
18044616146135198,139,12/10/2024 22:30,Reel di Instagram,684,27,14,34,8885,9
18068719456678914,0,12/09/2024 22:30,Carosello di Instagram,34,1,0,1,3324,0
18108653725447019,103,12/08/2024 23:23,Reel di Instagram,852,85,63,0,16210,85
18050391356008002,0,12/07/2024 22:30,Immagine di Instagram,155,10,0,26,6646,0
18032458847591155,138,12/04/2024 01:22,Reel di Instagram,578,17,28,43,9167,9
18257102746257138,0,12/03/2024 03:11,Immagine di Instagram,392,22,40,0,9200,164
17944144874919754,0,12/02/2024 04:33,Carosello di Instagram,164,7,1,1,4259,0
17910814803045745,99,12/02/2024 01:08,Reel di Instagram,285,15,3,16,6463,8
18058088716727943,0,11/30/2024 22:30,Immagine di Instagram,102,0,2,4,5342,0
18127520263385456,0,11/27/2024 22:30,Immagine di Instagram,188,23,0,10,6675,0
17936409599823366,139,11/27/2024 05:09,Reel di Instagram,128,0,0,2,4112,1
18128574421387597,0,11/25/2024 22:31,Carosello di Instagram,51,0,0,1,2196,0
18052670131948859,103,11/25/2024 03:01,Reel di Instagram,189,12,7,6,6798,2
17863494291269908,0,11/23/2024 22:30,Immagine di Instagram,2739,181,22,289,65488,85
18026832965232647,180,11/22/2024 02:52,Reel di Instagram,224,2,2,12,4307,1
17861855646278376,0,11/20/2024 22:30,Immagine di Instagram,517,36,4,24,8370,3
18049664890997795,77,11/19/2024 02:34,Reel di Instagram,373,6,1,23,6378,11
18058739710888402,0,11/18/2024 22:30,Carosello di Instagram,89,11,0,5,3309,0
18043670833900546,109,11/18/2024 06:04,Reel di Instagram,145,4,1,5,4827,4
18031461788459900,0,11/16/2024 22:30,Immagine di Instagram,104,0,1,6,4469,2
18041321189511816,173,11/15/2024 01:48,Reel di Instagram,444,10,6,43,6488,3
18097904551476242,0,11/13/2024 22:30,Immagine di Instagram,2402,172,34,110,32612,29
18045669656108947,0,11/11/2024 22:30,Carosello di Instagram,48,1,0,5,3941,2
17851406352288206,164,11/11/2024 05:13,Reel di Instagram,188,10,5,6,6102,5
18251132923282411,0,11/09/2024 22:30,Immagine di Instagram,341,15,0,72,8930,2
18117830719405890,164,11/08/2024 04:40,Reel di Instagram,408,19,5,40,8751,6
17900574435079103,0,11/07/2024 08:15,Immagine di Instagram,1205,32,12,86,15365,15
17881454811170383,0,11/06/2024 22:30,Immagine di Instagram,1015,104,4,60,26845,17
18067425190651483,0,11/05/2024 01:15,Immagine di Instagram,56,1,0,7,5303,2
18257227420251372,0,11/04/2024 22:30,Carosello di Instagram,136,5,2,13,4180,0
18074092933608445,80,11/04/2024 09:15,Reel di Instagram,1146,40,54,48,14195,12
18049630303953493,0,11/02/2024 23:30,Immagine di Instagram,137,12,0,26,6815,2
17948215919896173,0,10/30/2024 23:30,Immagine di Instagram,765,61,5,28,14865,3
18063209569701351,118,10/30/2024 09:34,Reel di Instagram,384,6,5,30,6933,2
17889859815099601,0,10/28/2024 23:30,Carosello di Instagram,60,3,0,9,3880,1
17946164867890726,0,10/26/2024 23:30,Immagine di Instagram,264,30,2,14,11342,2
18280902457211952,0,10/25/2024 22:30,Immagine di Instagram,90,2,1,5,3521,0
18045395036047696,139,10/25/2024 09:43,Reel di Instagram,371,16,6,25,8950,7
17930046965844352,0,10/23/2024 22:30,Immagine di Instagram,578,47,4,32,12388,7
18050028643780193,0,10/22/2024 04:18,Carosello di Instagram,137,15,0,13,5330,0
18043720484024448,47,10/21/2024 08:20,Reel di Instagram,90,2,0,2,3488,1
17885329965108814,0,10/19/2024 22:30,Immagine di Instagram,1560,84,12,97,26307,26
17938625471915337,0,10/19/2024 00:34,Carosello di Instagram,227,9,0,13,6524,1
18054657142851963,0,10/18/2024 22:30,Carosello di Instagram,262,6,1,3,5293,0
17996047301695260,270,10/18/2024 11:08,Reel di Instagram,1354,18,22,269,29104,58
18068176774616973,0,10/17/2024 23:12,Carosello di Instagram,142,4,0,1,2933,0
17944513805863510,78,10/17/2024 12:27,Reel di Instagram,221,13,6,1,5885,0
18026408111421351,92,10/17/2024 07:27,Reel di Instagram,527,15,5,59,15291,10
18468878356006654,0,10/16/2024 22:30,Carosello di Instagram,49,1,0,1,2252,0
18107221240430278,91,10/16/2024 11:44,Reel di Instagram,849,8,23,49,9766,16
18118401469398891,133,10/16/2024 03:23,Reel di Instagram,70,2,0,1,3206,1
17935605461806489,0,10/15/2024 07:53,Carosello di Instagram,40,1,0,2,4588,1
18037523068983473,253,10/14/2024 02:52,Reel di Instagram,666,27,37,23,11950,6
18422629093078270,0,10/12/2024 22:30,Immagine di Instagram,518,23,6,27,11097,1
17899811964063652,0,10/11/2024 22:30,Immagine di Instagram,119,1,0,1,2796,0
17878772475156920,131,10/11/2024 07:08,Reel di Instagram,59,4,0,0,3164,1
18065963566639860,0,10/09/2024 22:30,Immagine di Instagram,638,72,1,40,13871,3
18046075090967211,171,10/09/2024 04:54,Reel di Instagram,949,9,21,167,20785,23
18021924518602765,0,10/08/2024 06:39,Carosello di Instagram,73,5,0,10,3314,0
17874772365176113,119,10/08/2024 02:37,Reel di Instagram,153,6,0,7,4417,0
17926361576956667,133,10/07/2024 02:18,Reel di Instagram,846,43,33,64,19342,15
17866419297226836,0,10/05/2024 22:30,Immagine di Instagram,942,84,8,160,24226,25
18050577310910466,0,10/05/2024 08:38,Carosello di Instagram,997,22,25,11,12045,1
17927768396951758,0,10/04/2024 22:30,Immagine di Instagram,153,6,0,7,3555,0
18460124860045611,90,10/04/2024 10:51,Reel di Instagram,672,46,42,13,7810,4
17991329717550784,0,10/02/2024 22:30,Immagine di Instagram,380,26,2,16,14010,1
17905671594037487,0,10/02/2024 09:48,Immagine di Instagram,156,7,2,1,6179,0
17942074133886850,128,10/02/2024 07:00,Reel di Instagram,79,2,3,1,2685,1